date,lo,2-Dec,3-Dec,4-Dec,5-Dec,6-Dec,7-Dec,8-Dec,9-Dec,hi,Xrm,Rf
196307,1.35,0.77,0.08,-0.24,-0.69,-1.2,-0.49,-1.39,-1.94,-0.77,-0.39,0.27
196308,3.52,3.89,4.29,5.25,5.23,7.55,7.57,4.91,9.04,10.47,5.07,0.25
196309,-3.09,-2.24,-0.54,-0.97,-1.37,-0.27,-0.63,-1,-1.92,-3.68,-1.57,0.27
196310,1.25,-0.12,2,5.12,2.32,1.78,6.63,4.78,3.1,3.01,2.53,0.29
196311,-0.91,-0.15,1.6,-2.05,-0.94,-0.69,-1.32,-0.51,-0.2,0.52,-0.85,0.27
196312,3.86,0.63,2.31,1.83,3,2.36,1.25,3.45,0.3,1.28,1.83,0.29
196401,3.74,1.41,2.74,2.76,1.76,2.95,2.88,4.35,2.07,0.96,2.24,0.3
196402,1.08,1.72,0.62,2.14,2.36,1.66,1.74,3.78,2.53,3.89,1.54,0.26
196403,1.05,0.76,0.05,1.2,2.92,1.69,2.28,3.9,5.89,6.12,1.41,0.31
196404,2.65,1.81,1.57,1.38,-0.89,0.07,-2.26,-2.65,-1.79,-4.98,0.1,0.29
196405,1.64,1.71,0.23,2.81,2.08,0.84,0.71,3.09,1.41,1.33,1.42,0.26
196406,1.52,2.2,3.81,0.34,1.14,1.39,2.07,0.01,2.14,1.66,1.27,0.3
196407,4.07,0.67,4.86,2.24,3.43,1.02,1.07,-0.54,1.22,0.48,1.74,0.3
196408,1.34,-1.59,0.13,-1.23,-1.92,-0.62,-1.56,-2.59,-1.79,-2.65,-1.44,0.28
196409,2.88,1.17,3.48,3.19,3.58,3.72,3.08,2.91,5.75,5.68,2.69,0.28
196410,1.17,0.95,0.94,2.33,1.46,1.18,0.64,-2.54,-0.42,1.97,0.59,0.29
196411,1.3,0.08,-0.26,0.89,1.96,0.93,-0.09,-1.57,-2.96,-2.31,0,0.29
196412,-0.11,1.96,0.58,-0.28,0.09,0.04,-1,0.19,-1,-0.45,0.03,0.31
196501,2.89,0.84,4.02,3.27,5.55,3.71,4.84,7.76,6.19,7.9,3.54,0.28
196502,1.17,-0.79,-0.01,-1.49,-0.43,2.19,3,3.12,3.86,5.18,0.44,0.3
196503,-0.01,-1.81,0.09,-1.03,-2.62,-1.53,-1.15,-0.3,-0.2,-0.56,-1.34,0.36
196504,1.29,2.19,4.8,2.67,2.07,6.06,2.06,5.4,5.31,4.79,3.11,0.31
196505,-0.1,1.14,-2.46,-0.74,2.11,-1.5,-0.49,-0.57,-1.49,-1.24,-0.77,0.31
196506,-5.06,-3.42,-5.44,-2.36,-5.21,-4.91,-6.62,-5.8,-8.59,-10.53,-5.51,0.35
196507,2.1,1.78,1.48,0.5,0.65,0.97,0.79,3.65,4.62,6.67,1.43,0.31
196508,1.17,1.39,1.62,3,3.63,4.58,3.47,4.98,5.55,9.43,2.73,0.33
196509,4.92,4.18,3.13,1.68,2.78,2.08,2.47,2.05,5.65,5.37,2.86,0.31
196510,1.76,3.14,2.89,1.35,2.14,3.13,3.83,4.2,5.99,7.99,2.6,0.31
196511,1.35,-2.32,-0.79,-2.76,2.02,0.74,3.24,1.38,4.69,8.3,-0.03,0.35
196512,0.63,0.54,0.71,1.29,0.67,1.17,3.42,0.48,4.44,5.07,1.01,0.33
196601,0.98,-0.06,0.04,-0.55,1.61,0.14,1.98,1.9,6.11,6.44,0.72,0.38
196602,-3.51,-2.44,-3.03,-1.48,-1.01,-0.7,-0.48,2.74,3.07,8.34,-1.21,0.35
196603,-1.34,-3.23,-3.04,-1.74,-2.56,-3.75,-2.07,-0.02,0.04,-1.3,-2.51,0.38
196604,2.7,0.33,0.31,2.15,1.44,2.05,5.3,4.41,5.35,5.37,2.14,0.34
196605,-4.84,-4.73,-3.84,-3.47,-4.97,-5.01,-5.21,-5.12,-9.91,-12.37,-5.66,0.41
196606,-2.08,-2,-2.95,-0.58,-1.51,-1.95,1.26,-0.72,0.32,3.64,-1.44,0.38
196607,-0.36,-0.68,-0.48,-1.38,-0.32,-0.05,-2.14,-3.26,-2.32,-1.94,-1.63,0.35
196608,-6.88,-6.61,-8.11,-7.29,-7.04,-8.08,-5.42,-8.89,-8.62,-8.79,-7.91,0.41
196609,1.59,1.63,0.16,0.18,-1.67,-0.35,-2.59,-1.99,-5.03,-5.38,-1.06,0.4
196610,5.78,8.52,7.23,3.81,5.31,4.17,2.03,2.86,-0.61,-4.57,3.86,0.45
196611,-1.09,-1.76,0.05,-1.33,1.48,2.17,2.15,9.47,8.49,13.02,1.4,0.4
196612,-0.16,1.98,1.03,-0.81,2.1,0.93,-0.81,-0.3,1.68,-0.34,0.13,0.4
196701,3.78,5.73,7.42,8.03,9.56,7.74,10.99,11.03,13.48,15.12,8.15,0.43
196702,-0.89,0.51,0.64,0.09,1.2,0.47,1.4,4.9,1.32,3.23,0.78,0.36
196703,4.54,3.04,2.93,3.24,6.2,4.71,5.59,5.15,5.86,5.46,3.99,0.39
196704,1.22,1.25,2.78,6,4.13,3.71,5.85,6.62,5.26,6.97,3.89,0.32
196705,-1.86,-4.28,-2.68,-5.5,-3.24,-4.74,-4.27,-4.11,-5.8,-2.44,-4.33,0.33
196706,1.85,2.08,1.54,0.69,3.02,2.83,2.82,4.67,4.01,4.76,2.41,0.27
196707,0.48,4.48,5.3,6.39,6.18,3.65,7.04,7.68,6.07,9.5,4.58,0.31
196708,-1.27,-1.07,0.2,-0.64,0.32,-1.37,-0.39,0.54,-0.45,-0.29,-0.89,0.31
196709,1.29,3.45,1.62,3.09,3.66,6.67,2.74,2.67,4.61,3.37,3.11,0.32
196710,-3.69,-1.5,-4.67,-3.71,-5.18,2.55,-4.57,-2.56,-1.93,-3.41,-3.09,0.39
196711,0.89,1.75,0.77,1.23,-0.81,1.21,2.22,-0.69,-0.94,0.97,0.37,0.36
196712,2.56,2.14,5.39,1.79,3.23,3.06,6.24,2.21,4.52,6.19,3.05,0.33
196801,0.3,-1.66,-1.05,-4.35,-3.06,-6.56,-4.74,-8.1,-5.58,-6.29,-4.06,0.4
196802,-1.95,-2.01,-2.74,-3.26,-2.63,-3.39,-3.61,-4.46,-6.67,-6.72,-3.75,0.39
196803,-1.26,-0.44,-0.26,0.88,0.16,3.66,0.48,1.37,2.74,2.33,0.2,0.38
196804,4.65,5.01,8.21,9.77,10.23,11.35,11.89,12.82,14.07,15.87,9.05,0.43
196805,1.05,0.46,2.82,1.78,1.55,4.39,5.6,2.28,7.04,6.21,2.28,0.45
196806,4.27,2.1,4.1,0.12,0.99,-0.53,0.66,-2.1,0.7,-1.61,0.69,0.43
196807,3.23,-0.55,-4.22,-3.69,-3.6,-4.53,-4.95,-4.04,-3.92,-4.32,-2.72,0.48
196808,0.95,1.31,2.21,1.33,1.41,1.82,3.98,2.82,2.05,3.78,1.34,0.42
196809,1.75,4.26,4.95,3.35,5.12,5.61,5.24,5.79,6.26,8.53,4.03,0.43
196810,2.43,1.6,-1.03,-1.01,3.02,0.4,0.66,1.6,1.24,-1.23,0.42,0.44
196811,6.88,5.61,3.79,6.57,1.99,6.74,5.4,6.88,8.76,10.87,5.43,0.42
196812,-4.67,-3.08,-2.79,-4.39,-2.73,-3.29,-4.62,-3.13,-2.9,-2.01,-3.94,0.43
196901,0.92,-0.21,-0.71,-3.06,-0.45,-0.77,-1.79,-1.77,-0.5,-0.68,-1.25,0.53
196902,-4.12,-5.32,-3.29,-3.89,-3.34,-5.56,-5.84,-8.37,-9.29,-12.04,-5.84,0.46
196903,3.12,2.28,2.81,4.71,3.63,3.91,1.5,1.26,3.24,2.75,2.64,0.46
196904,2.33,0.96,3.53,3.02,1.87,1.67,0.16,0.17,2.95,2.79,1.46,0.53
196905,1.64,1.29,-0.12,-1.54,1.75,0.09,0.27,-2.34,0.81,-2.1,-0.1,0.48
196906,-6.48,-6.46,-5.78,-1.48,-6.24,-6.6,-6.79,-9.36,-10.91,-14.74,-7.18,0.51
196907,-5.76,-6.33,-5.87,-4.65,-5.24,-8.11,-7.4,-9.56,-7.67,-11.62,-7,0.53
196908,2.92,3.76,5.34,6.06,5.81,4.37,6.18,5.89,8.72,9.75,4.68,0.5
196909,-4.97,-2.91,-1.85,-1.69,-0.32,-0.68,-2.56,-2.62,-1.81,-2.24,-2.98,0.62
196910,3.04,5.21,4.13,7.03,6.88,3.58,7.58,9.65,7.24,11.06,5.06,0.6
196911,-3.51,-3.93,-2.68,-2.67,-1.97,-3.76,-1.79,-5.4,-3.94,-6.38,-3.79,0.52
196912,-2.62,-0.01,-1.07,-0.29,-2,-3.04,-3.37,-3.87,-4.7,-5.34,-2.63,0.64
197001,-5.97,-7.11,-7.19,-7.43,-8.25,-7.79,-7.6,-10.94,-10.43,-9.9,-8.1,0.6
197002,6.12,6.97,4.27,6.6,5.02,5.03,4.29,9,5.94,4.57,5.13,0.62
197003,1.84,-0.63,0.76,-1.78,0.27,-0.01,-1.73,-1.95,-4.01,-4.96,-1.06,0.57
197004,-8.1,-7.94,-8.83,-8.96,-12.02,-11.17,-11.35,-14.07,-16.53,-22.3,-11,0.5
197005,-1.33,-6.28,-5.88,-6.93,-9.87,-8.66,-10.47,-9.29,-9.35,-10.88,-6.92,0.53
197006,-5.2,-2.29,-5.01,-4.12,-7.79,-2.17,-8.9,-8.14,-7.38,-11.64,-5.79,0.58
197007,9.23,6.89,7.49,3.87,10.33,6.02,9.48,10,7.66,6.11,6.93,0.52
197008,3.84,3.62,5.72,5.06,3.75,6.85,6.89,9.39,8.51,11.62,4.49,0.53
197009,0.1,2.86,2.61,6.7,3.66,9.1,8.03,10.02,13.82,20.33,4.18,0.54
197010,0.26,0.25,-0.88,-0.39,-2,-4.24,-5.07,-6.87,-7.45,-11.86,-2.28,0.46
197011,6.6,5.21,5.31,4.75,5.76,4.18,4.08,5.15,1.44,2.3,4.59,0.46
197012,4.39,5.98,7.01,5.81,8.1,5.86,7.14,8.02,8.18,6.14,5.72,0.42
197101,3.86,2.08,3.93,4.23,5.71,9.26,10.11,10.68,13.9,12.63,4.84,0.38
197102,-0.19,1.81,1.45,2.9,2.55,2.12,1.78,1.71,2.12,4.31,1.41,0.33
197103,2.21,3.49,3.64,5.63,3.21,7.04,4.01,7.49,7.64,7.94,4.13,0.3
197104,0.93,3.57,5.33,2.72,5.2,4.88,5.8,6.79,7,3.15,3.15,0.28
197105,-4.04,-2.56,-3.42,-5.56,-3.67,-2.22,-4.2,-2.64,-5.61,-4.29,-3.98,0.29
197106,1.36,0.94,0.66,-0.72,-0.07,1.51,-3.94,0.15,-2.55,-1.42,-0.1,0.37
197107,-1.37,-3.78,-3.62,-5.2,-3.82,-5.45,-6.17,-6.43,-6.34,-11.66,-4.5,0.4
197108,-0.06,2.33,7.43,4.64,5.26,7.91,4.66,6.04,9.06,8.11,3.79,0.47
197109,-0.48,0.18,-0.38,-0.5,-1.7,-0.44,-0.09,0,-0.94,-3.27,-0.85,0.37
197110,-0.89,-3.2,-4.54,-3.43,-7.37,-5.38,-7.24,-5.98,-6.25,-7.75,-4.42,0.37
197111,0.16,1.43,-0.09,0.53,-1.23,-0.62,-0.54,-0.87,-1.24,-2.25,-0.46,0.37
197112,7.24,8.49,8.41,9.72,10.42,10.71,10.14,10.69,11.68,13.43,8.71,0.37
197201,0.73,0.95,0.11,4.18,3.11,4.17,6.23,6.54,7.76,13.24,2.49,0.29
197202,1.35,3.14,3.81,2.18,3.99,2.5,3.56,7.06,4.46,3.83,2.87,0.25
197203,-1.38,1.34,2.64,2.4,1.6,-0.38,-2.14,0.86,0.93,-0.23,0.63,0.27
197204,0.04,1.33,-0.51,0.41,1.31,1.71,0.74,3.53,0.69,-0.17,0.29,0.29
197205,2.06,2.43,0.3,2.43,2.65,0.52,0.04,2.08,0.28,0.1,1.25,0.3
197206,-1.17,0.43,-2.73,-2.04,-2.67,-2.36,-4.26,-3.31,-6.34,-7.83,-2.43,0.29
197207,1.18,0.05,0.59,-0.61,-0.29,-1.3,-1.63,-5.56,-4.33,-5.86,-0.8,0.31
197208,6.07,3.12,3.04,5.12,3.99,4.41,2.47,0.98,-0.15,-0.59,3.26,0.29
197209,1.04,0.62,-0.74,-1.4,-1.02,-3.69,-2.79,-4.96,-3.05,-4.64,-1.14,0.34
197210,3.5,1.22,-1.03,1.8,0.15,-0.65,1.11,-0.09,-2.69,-1.51,0.52,0.4
197211,4.67,5.11,3.84,5.84,5.23,4.93,7.48,5.63,7.32,4.99,4.6,0.37
197212,1.42,1.92,1.43,0.19,-0.43,1.02,2.23,-3.07,-1.74,-4.54,0.62,0.37
197301,-0.25,-1.94,1.71,-4.08,-6.22,-6.32,-6.28,-9.46,-7.37,-10.52,-3.29,0.44
197302,-3.73,-3.55,-1.62,-5.22,-5.25,-5.51,-7.17,-4.87,-9.74,-10.82,-4.85,0.41
197303,1.26,-0.59,-0.93,1.03,-1.87,-3.45,-1.85,-3.12,-2.65,-2.64,-1.3,0.46
197304,-0.6,-3.59,-5.85,-5.44,-4.49,-9,-7.11,-7.87,-9.31,-10.8,-5.68,0.52
197305,0.42,-2.21,-1.06,-1.28,-3.48,-3.78,-5.31,-6.76,-8.53,-12.35,-2.94,0.51
197306,0.95,-0.16,-0.75,-0.59,-2.96,-3.81,-4.51,-1.75,-5.4,-5.38,-1.56,0.51
197307,1.76,2.31,4.29,6.04,11.95,13.17,9.89,12.99,15.91,20.33,5.05,0.64
197308,-3.84,-3.12,-3.06,-0.45,-1.68,-2.47,-3.96,-5.46,-4.01,-4.72,-3.82,0.7
197309,4.36,4.17,0.91,10.4,9.31,10.39,8.23,11.33,10.08,14.5,4.75,0.68
197310,1.75,-2.55,1.1,1.11,0.69,-0.14,-3.82,-1.31,-1.57,-2.31,-0.83,0.65
197311,-8.28,-9.64,-10.75,-10.53,-17.72,-16.89,-18.52,-18.99,-23.05,-24.83,-12.75,0.56
197312,2.99,2.04,-0.95,4.13,-0.47,2.94,-1.93,0.95,1.23,-1.75,0.61,0.64
197401,-3.74,0.04,1.67,-2.41,2.32,3.03,5.04,3.77,8.09,11.49,-0.17,0.63
197402,0.02,-0.36,-0.32,0.03,1.79,0.92,0.77,0.88,3.64,1.51,-0.47,0.58
197403,-1.71,-2.13,-2.09,-2.94,-3.46,-2.67,-3.45,-1.61,-3.49,-3.33,-2.81,0.56
197404,-4.54,-4.69,-3.7,-4.06,-4.3,-5.6,-4.66,-5.14,-3.72,-5.86,-5.29,0.75
197405,-3.61,-1.3,-2.03,-4.24,-4.22,-6.26,-8.7,-5.93,-4.8,-6.71,-4.68,0.75
197406,-2.09,-0.91,-0.76,-0.93,-3.55,-1.92,-5.17,-3.29,-4.71,-4.99,-2.83,0.6
197407,-6.26,-7.54,-8.75,-5.67,-5.73,-9.01,-6.45,-9.73,-8.93,-9.12,-8.05,0.7
197408,-7.57,-10.06,-7.81,-10.62,-9.3,-8.31,-6.48,-9.09,-9.46,-6.77,-9.35,0.6
197409,-9.52,-11,-12.05,-11.14,-10.89,-12.87,-12.62,-11.72,-8.32,-13.72,-11.77,0.81
197410,18.66,18.71,13.1,18.76,15.94,20.08,12.96,6.86,8,12.66,16.1,0.51
197411,-4.06,-4.9,-4.14,-2.11,-4.08,-5.22,-3.99,-3.73,-4.96,-3.92,-4.51,0.54
197412,-0.43,-2.84,-2.22,-3.43,-4.83,-5.37,-3.34,-5.74,-6.85,-8.98,-3.45,0.7
197501,8.09,13.53,15.46,15.29,18.25,17.96,18.24,26.66,31.92,33.5,13.66,0.58
197502,6.01,4.85,8.24,4.09,4.63,6.94,6.51,6,8.9,7.15,5.56,0.43
197503,-0.55,2.11,3.16,5.57,5.45,6.96,7.61,10.75,8.48,13.85,2.66,0.41
197504,3.21,6.69,2.52,5.57,6.38,7.8,6.12,6.52,10.41,5.32,4.23,0.44
197505,6.97,4.86,3.67,5.08,5.26,3.7,7.96,8.55,6.46,7.16,5.19,0.44
197506,4.32,4.22,5.12,6.42,6.48,5.59,7.1,9.51,6.94,9.15,4.83,0.41
197507,-4.83,-5.34,-5.33,-7.91,-5.86,-7.29,-7.59,-6.23,-7.75,-7.77,-6.59,0.48
197508,-2.02,-0.56,-2.33,-1.26,-3.28,-2.69,-4.69,-4.92,-5.57,-5.45,-2.85,0.48
197509,-2.24,-4.91,-2.79,-3.13,-4.12,-5.31,-4.53,-5.32,-4.92,-3.92,-4.26,0.53
197510,3.91,5.32,6,8.88,5.79,6.9,5.58,6.33,6.35,5.37,5.31,0.56
197511,1.59,2.72,4.11,4.34,3.13,2.6,3.28,4.41,6.55,1.73,2.65,0.41
197512,-0.05,-0.05,-1.68,-1.95,-1.31,-1.31,-1.76,-2.69,-3.24,-1.35,-1.6,0.48
197601,7.82,13.73,10,12.77,13.62,17.52,14.57,19.47,17.13,23.75,12.16,0.47
197602,-1.31,-1.05,-0.42,-0.16,3.02,2.53,2.41,4.01,4.62,8.81,0.32,0.34
197603,3.49,2.66,3.95,2.79,2.26,1,0.78,1.54,1.66,1.34,2.33,0.4
197604,0.82,0.2,-0.91,-3.47,-0.25,-0.61,-1.7,-2.28,-3.07,-5.21,-1.49,0.42
197605,0.92,-1.18,-1.61,-1.55,-0.77,-2.31,-1.64,-0.33,-2.08,-3.77,-1.34,0.37
197606,4.21,3.86,3.78,4.66,4.62,5.9,4.57,5.65,6.76,5.67,4.05,0.43
197607,0.83,-0.5,-1.14,-0.9,0.12,-1.49,-0.45,-1.14,-2.38,-3.97,-1.07,0.47
197608,1.57,0.21,0.76,0.43,-2.02,-0.8,-2.65,-1.84,-2.21,-4.34,-0.56,0.42
197609,4.23,2.69,2.4,1.1,0.65,2.33,3.3,1.21,1.43,2.73,2.06,0.44
197610,-0.81,-1.74,-2.11,-2.1,-2.3,-2.76,-2.74,-3.26,-4.75,-5.26,-2.42,0.41
197611,1.67,-0.92,-1.48,0.06,1.94,0.64,2.62,3.57,3.08,4.36,0.36,0.4
197612,5.04,6.44,7.41,3.94,6.8,6.99,6.78,7.06,8.85,9.33,5.65,0.4
197701,-0.86,-3.34,-5.57,-5.62,-4.41,-4.9,-3,-3.9,-4.05,-2.43,-4.05,0.36
197702,-1.13,-2.17,-1.65,-1,-0.95,-1.86,-1.94,-2.92,-2.35,-2.85,-1.95,0.35
197703,-1.07,-1.1,-2.12,-0.98,-0.24,-1.19,0.44,0.62,-1.16,0.07,-1.37,0.38
197704,2.07,0.35,-0.32,-2.62,0.61,2.88,1.8,1.14,1.82,-1.27,0.15,0.38
197705,0,-0.63,-1.48,-3.06,-2.07,-0.52,-0.6,0.41,-0.68,-0.59,-1.46,0.37
197706,3.54,5.15,4.03,5.62,4.91,6.19,5.74,8.05,9.52,8.66,4.71,0.4
197707,-1.49,-0.71,-0.76,-2.17,-0.55,-1.8,-2.08,-1.15,-1.44,-0.06,-1.69,0.42
197708,-3,-2.55,0.16,0,-0.55,-0.68,-2.04,-0.6,-0.06,-0.07,-1.75,0.44
197709,0.92,0.3,-0.88,0.73,-0.41,-0.46,-0.17,-0.17,0.73,1,-0.27,0.43
197710,-3.44,-2.47,-3.83,-5.56,-4.02,-3.87,-3.09,-5.19,-4.03,-4.63,-4.38,0.49
197711,2.57,3.82,3.63,3.39,6.15,4.91,7.76,7.64,9.42,9.85,4,0.5
197712,1.47,0.35,0.98,-0.76,0.56,0.71,0.95,0.3,1.57,1.34,0.27,0.49
197801,-5.28,-5.33,-4.54,-6.17,-5.87,-6.51,-6.79,-5.85,-5.78,-3.99,-6.01,0.49
197802,0.01,-1.19,-2.74,-1.18,-0.92,-1.65,-0.55,0.41,0.71,1.92,-1.38,0.46
197803,2.24,3.86,-0.3,3.4,4.75,5.11,5.27,5.27,9.08,9.1,2.85,0.53
197804,4.84,5.65,10.19,9.65,10.84,10.82,10.17,10.38,11.49,10.99,7.88,0.54
197805,0.85,1.6,0.82,2.46,2.48,2.54,4.4,4.39,6.6,8.06,1.76,0.51
197806,-1.91,-0.76,-1.59,-0.67,-0.85,-0.98,-0.82,-1.45,-0.36,-0.42,-1.69,0.54
197807,2.66,3.93,5.02,6.96,5.72,6.88,6.95,8.06,8.1,10.62,5.11,0.56
197808,3.86,2.79,2.84,3.61,3.89,5.38,4.96,4.57,6.63,9.87,3.75,0.56
197809,2.44,0.77,-0.62,-1.54,-2.16,-2.28,-2.98,-1.73,-2.37,-3.31,-1.43,0.62
197810,-7.61,-8.4,-10.55,-8.93,-11.6,-11.62,-13.45,-17.69,-17.61,-23.38,-11.91,0.68
197811,3.73,2.74,1.04,3.31,3.44,3.57,2.75,5.69,5.03,8.11,2.71,0.7
197812,0.97,1.17,0.05,3.86,2.79,1.32,1.83,1.14,0.43,3.4,0.88,0.78
197901,4.16,4.67,5.44,4.34,5.54,5.15,4.29,6.15,7.05,6.21,4.23,0.77
197902,-0.94,-1.71,-2.55,-2.44,-3.88,-4.13,-3.45,-5.38,-5.33,-6.78,-3.56,0.73
197903,4.78,4.32,6.23,6.2,6.56,6.6,8.79,9.7,8.62,11.53,5.68,0.81
197904,0.7,1.4,0.81,-0.33,0.61,0.2,0.84,1.76,2.52,1.25,-0.06,0.8
197905,-1.05,-1.07,-0.75,-1.63,-2.12,-1.33,-0.64,-1.64,-1.96,-3.22,-2.21,0.82
197906,5.18,5.18,4.45,2.38,5.97,3.73,5.43,6.67,4.22,5.49,3.85,0.81
197907,1.06,2.21,2,0.2,1.16,1.94,1.35,2.69,3.23,3.08,0.82,0.77
197908,3.94,5.83,6.97,5.06,7.14,6.87,7.27,8.45,9.22,8.67,5.53,0.77
197909,-0.69,2.67,1.36,-0.9,0.19,-0.18,-2.11,-0.87,-2.47,0.07,-0.82,0.83
197910,-3.83,-5.47,-8.53,-8.37,-7.35,-8.84,-7.69,-8.57,-10.41,-10.38,-8.1,0.87
197911,6.35,5.38,4.86,6.94,6.02,7.35,4.57,7.21,5.73,11.83,5.21,0.99
197912,0,1.55,2.7,1.78,3.4,3.35,4.43,4.34,6.73,7.54,1.79,0.95
198001,5.39,7.79,8.91,4.15,5.67,4.37,6.21,7.15,4.25,9.62,5.51,0.8
198002,2.02,6.98,0.52,-4.5,-3.08,-4.35,-4.45,-2.91,-0.79,-1.92,-1.22,0.89
198003,-9.14,-12.91,-12.67,-10.23,-11.57,-9,-8.98,-12.77,-15.75,-18.79,-12.9,1.21
198004,7.57,6.58,5.32,2.49,4.21,4.03,3.27,3.72,5.99,5.79,3.97,1.26
198005,4.58,4.98,5.75,6.53,6.77,7.94,5.47,7.84,7.97,8.01,5.26,0.81
198006,3.49,3.02,5.32,3.97,3.08,2.29,3.67,4.09,2.88,3.86,3.06,0.61
198007,0.7,5.98,5.61,7.62,9.52,9.45,9.64,12.11,12.31,15.02,6.49,0.53
198008,0.46,1.66,1.76,1.29,1.55,2.3,5.96,6.01,6.6,7.1,1.8,0.64
198009,-1.76,2.51,3.47,3.54,4.12,4.19,4.04,3.6,6.06,5.73,2.19,0.75
198010,-1.65,2.81,2.52,1.65,1.7,1.09,3.11,3.74,2.47,3.23,1.06,0.95
198011,-0.16,10.7,13.03,13.64,11.47,11.51,12.32,11.51,11.31,12.28,9.59,0.96
198012,3.26,-2.77,-3.86,-4.42,-3.46,-4.89,-5.57,-1.57,-3.66,-4.49,-4.52,1.31
198101,2.26,-3.49,-5.56,-4.46,-4.68,-3.92,-4.96,-7.54,-6.68,-6.31,-5.04,1.04
198102,1.22,2.19,2.37,1.5,1.87,2.84,3.2,1.29,-0.64,-0.76,0.56,1.07
198103,3.27,1.99,2.35,3.75,6.83,6.02,6.47,7.87,10.08,13.14,3.56,1.21
198104,2.95,-1.31,-3.24,-3.56,-0.67,-0.65,-0.39,-0.09,1.77,2.42,-2.1,1.08
198105,3.99,-0.74,-0.2,-0.35,2.1,1.35,1.07,2.42,4.25,6.18,0.11,1.15
198106,0.81,0.6,0.46,0.45,-2.11,-1.64,-1.64,-3.72,-4.21,-6.92,-2.36,1.35
198107,0.46,-2.86,-3.87,-2.44,-1.15,3.29,4.41,1.08,1.23,0.29,-1.54,1.24
198108,-0.64,-4.44,-4.51,-6.41,-5.3,-6.18,-6.81,-7.94,-8.08,-9.25,-7.03,1.28
198109,0.14,-1.34,-3.84,-5.04,-6.12,-9.44,-8.69,-9.65,-9.02,-10.64,-7.17,1.24
198110,5.23,6.13,0.46,5.84,4.02,7.13,7.61,8.87,8.64,14.4,4.92,1.21
198111,4.23,4.6,4.83,5.07,5.71,3.98,6.2,4.94,1.13,0.43,3.36,1.07
198112,-2.4,-2.34,0.5,-2.26,-2.92,-3.33,-5.15,-3.04,-4.5,-3.92,-3.65,0.87
198201,1.68,0.78,1.32,-1.26,-2.86,-5.61,-7.66,-6.2,-4.18,-4.26,-3.24,0.8
198202,-1.42,-1.86,-2.4,-3.4,-4.61,-4.3,-10.45,-8.5,-7.91,-10.22,-5.86,0.92
198203,2.91,0.91,0.63,0.59,-1.16,-1.56,-2.46,-5.53,-2.74,-5.41,-1.87,0.98
198204,2.2,4.71,4.24,4.48,3.9,4.28,4.79,5.86,6.27,6.95,3.27,1.13
198205,-1.05,-3.73,-2.84,-2.94,-3.14,-0.67,-1.25,-3.73,-5.7,-6.14,-3.99,1.06
198206,-1.63,0.79,-0.46,-1.63,-1.84,-5.25,-3.06,-4.39,-1.32,-5.24,-3.09,0.96
198207,0.11,-1.72,1.98,-1.75,-2.35,-3.7,-5.95,-3.38,-6.93,-3.94,-3.19,1.05
198208,11.37,11.39,10.8,12.57,12.26,13.56,11.42,12.77,10.88,13.7,11.14,0.76
198209,0.95,1.77,3.44,3.32,1.95,1.16,2.29,1.72,1.24,-0.68,1.29,0.51
198210,7.26,12.35,11.17,13.83,11.69,11.34,9.74,14.81,15.84,19.12,11.3,0.59
198211,3.44,5.75,6.92,4.47,4.97,6.66,2.09,5.28,3.93,10.24,4.67,0.63
198212,1.17,-0.56,3.18,-0.19,2.13,0.21,3.5,1.05,2.14,0.16,0.55,0.67
198301,5.29,0.26,2.54,2.94,2.23,5.07,4.82,5.96,6.54,10.91,3.6,0.69
198302,1.4,3.14,3.56,5.1,3.42,3.56,4.21,5.49,0.88,2.44,2.59,0.62
198303,2.04,4.08,3.05,4.95,6.18,2.7,4.27,2.88,4.05,1.54,2.82,0.63
198304,4.57,8.45,9.85,9.1,8.26,4.98,6.42,6.89,7.09,7.42,6.67,0.71
198305,-1.97,-2.71,-2.7,1.56,1.79,3.09,2.52,5.68,5.63,7.52,0.52,0.69
198306,-1.28,4.36,6.05,2.53,3.16,5.48,5,5.52,5.45,4.14,3.07,0.67
198307,-1.63,-2.86,-1.68,-1.42,-2.94,-4.26,-3.52,-4.6,-4.92,-7.87,-4.07,0.74
198308,2.14,-0.03,0.92,0.06,0.32,2.26,1.12,-0.6,-1.4,-3.03,-0.5,0.76
198309,4.04,2.71,2.21,3.54,1.72,-0.23,-0.08,1.61,0.65,-2.91,0.92,0.76
198310,1.08,0.62,-0.05,-1.82,-4.43,-3.89,-5.21,-4.63,-7.35,-9.99,-3.44,0.76
198311,1.3,1.32,0.78,3.38,3.32,4.34,4.66,5.48,4.51,6.33,2.16,0.7
198312,-2.98,-2.6,0.68,-0.55,0.31,0.07,-0.89,1.76,-1.65,-1.83,-1.78,0.73
198401,1.04,-1.06,-2.31,-1.46,0.01,2.51,-3.01,2.05,-3.82,-6.42,-1.92,0.76
198402,-3.41,-3.38,-3.67,-3.54,-3.33,-2.85,-6.16,-5.79,-3.36,-6.33,-4.82,0.71
198403,-1.55,0.32,2.37,3.25,1.25,2.02,3.11,2.18,0.81,0.17,0.63,0.73
198404,0.33,0.62,1.38,0.71,1.08,1.74,-0.17,-0.27,-1.76,-1.77,-0.52,0.81
198405,-1.76,-5.04,-4.86,-5.62,-6.96,-4.54,-5.73,-6.97,-5.9,-8.92,-5.97,0.78
198406,5.2,5.68,0.96,5.58,0.57,1.71,2.28,2.16,1.04,2.34,1.82,0.75
198407,1.35,-1.51,-0.22,-1.78,-2.35,-3.39,-3.61,-4.54,-5.26,-7.92,-2.74,0.82
198408,6.32,8.98,10.98,12.49,12.15,12.31,12.62,13.01,15.29,17.37,10.28,0.83
198409,3.05,0.41,1.19,0.03,-0.34,-1.04,-1.63,-1.8,-2.33,-3.16,-0.8,0.86
198410,2.9,2.13,0.99,-1.15,-0.75,0.18,-1.93,-2.86,-0.11,-3.13,-0.84,1
198411,1.42,0.62,-1.57,-0.58,-0.16,-3.22,-2.04,-0.6,-3.23,-4.02,-1.76,0.73
198412,2.2,2.67,3.33,2.33,1.32,2.68,2.61,1.14,2.03,2.68,1.84,0.64
198501,2.61,5.89,8.79,9.2,7.78,10.96,9.59,10.36,12.12,16.75,7.99,0.65
198502,2.83,2.99,0.76,2.1,2.85,2.21,1.5,1.19,1.42,-0.68,1.22,0.58
198503,4.66,2.01,-1.71,0.41,-1.99,-0.63,-1.49,-0.31,-1.49,-3.93,-0.84,0.62
198504,-0.59,-0.18,0.1,2.29,1.11,-1.18,-0.31,-1.33,-2.29,-4.42,-0.96,0.72
198505,6.85,6.86,6.73,6.53,4.36,4.94,5.12,3.82,5,3.66,5.09,0.66
198506,3.68,1.97,0.21,4.15,1.1,-0.07,2.34,0.44,1.06,1.33,1.27,0.55
198507,-4.46,-1.45,1.02,1.29,-0.63,-0.03,0.47,2.1,3.29,1.48,-0.74,0.62
198508,1.35,0.56,-0.92,-0.72,-1.16,-0.74,-0.01,-1.57,-1.27,-2.9,-1.02,0.55
198509,-2.75,-1.61,-2.78,-3.37,-3.88,-3.28,-4.55,-6.89,-6.57,-7.67,-4.54,0.6
198510,5.16,5.14,4.85,4.82,6.28,3.63,4.6,3.44,1.79,4.87,4.02,0.65
198511,7.23,7.35,7.48,7.27,4.94,7.16,5.92,6.86,8.29,8.3,6.48,0.61
198512,4.83,4.62,6.1,3.86,2.89,5.08,2.67,3.27,4.39,4.82,3.88,0.65
198601,0.21,2.85,0.28,1.82,0.2,3.01,0.06,0.65,-0.23,2.08,0.65,0.56
198602,8.8,7.3,6.5,8.06,9.52,9.16,7.49,6.66,7.74,7.46,7.13,0.53
198603,5.45,7.17,6.1,5.19,5.43,4.86,4.23,5.82,5.06,3.2,4.88,0.6
198604,-0.8,0.3,-0.63,-0.13,-2.07,-1.1,-1.45,-2.52,-0.17,-1.54,-1.31,0.52
198605,4.48,6.35,4.71,4.91,5.98,5.81,5.31,4.95,5.53,3.14,4.62,0.49
198606,4.76,5.29,1.76,0.42,0.2,-1.24,-0.74,-1.82,0.25,-2,1.03,0.52
198607,0.22,-2.9,-5.45,-7.33,-6.38,-7.02,-9.39,-7.15,-9.66,-9.59,-6.45,0.52
198608,5,8.05,7.4,7.39,6.91,7.29,4.89,5.67,6.81,4.74,6.07,0.46
198609,-9.67,-7.76,-7.06,-7.96,-8.1,-8.54,-8.75,-8.03,-7.37,-10.06,-8.6,0.45
198610,7.17,4.48,2.85,5.32,6.35,5.73,5.6,5.62,5.74,6.31,4.66,0.46
198611,1.17,1.81,1.81,2.85,0.4,1.73,2.28,1.15,1.73,-0.23,1.17,0.39
198612,-3.07,-1.52,-2.72,-1.99,-3.37,-2.55,-3.6,-2.49,-4.46,-3.07,-3.27,0.49
198701,9.65,12.28,11.29,14.7,12.87,13.85,12.49,15.29,13.54,17.31,12.47,0.42
198702,-0.64,1.81,4.32,4.19,7.55,5.12,7.96,7.32,7.4,11.47,4.39,0.43
198703,0.85,3.07,3.62,2.32,1.27,2.21,0.4,1.48,2.03,-0.99,1.64,0.47
198704,-3.46,-2.2,-0.95,-0.22,-1.12,0.24,-1.2,-4.19,-2.72,-2.73,-2.11,0.44
198705,0.87,1.15,1.07,-0.94,1.08,0.57,2.13,-0.27,1.35,-0.39,0.11,0.38
198706,4.76,6.1,4.54,5.62,4.45,4.49,5.03,4.11,3.6,-0.74,3.94,0.48
198707,2.52,3.08,4.75,6.7,3.68,5.11,5.28,5.94,5.2,2.76,3.85,0.46
198708,3.22,3.96,2.79,5.81,5.09,3.28,2.05,2.89,6.08,4.82,3.52,0.47
198709,-2.57,-0.74,-0.6,0.05,-3.94,-2.25,-3.28,-1.17,-4.35,-5.23,-2.59,0.45
198710,-12.12,-15.12,-20.32,-23.99,-24.36,-24.78,-27.16,-26.26,-29.69,-33.14,-23.24,0.6
198711,-6.55,-8.51,-6.68,-6.77,-7.09,-7.33,-7.05,-6.67,-10.47,-9.43,-7.77,0.35
198712,3.25,4.5,5.93,7,8.03,8.93,10.58,10.59,9.64,11.24,6.81,0.39
198801,9.67,5.41,4.24,4.02,1.48,3.9,4.52,2.89,4.12,4.09,4.21,0.29
198802,1.57,2.51,3.88,5.75,5.64,6.71,7.92,7.6,8.02,8.54,4.75,0.46
198803,-1.26,-2.46,-1.88,-2.01,-4.1,-2.93,-0.5,0.01,-2.57,-1.42,-2.27,0.44
198804,2.25,0.8,0.93,-0.16,1.18,0.45,2.92,-0.93,0.12,2.98,0.56,0.46
198805,1.48,1.64,0.81,-0.77,0.64,-0.17,0.13,-0.46,-0.55,-1.24,-0.29,0.51
198806,-0.02,2.99,4.64,5.88,7.8,5.35,8.36,5.94,8.24,8.38,4.79,0.49
198807,0.66,0.43,-0.26,-1.47,-2.2,0.29,-0.59,-1.24,-2.26,-2.8,-1.25,0.51
198808,-0.77,-1.17,-2.16,-3.77,-3.13,-2.44,-3.71,-3.62,-4.68,-5.35,-3.31,0.59
198809,1.86,2.99,3.56,4.43,4.71,4.97,5.33,4.11,4.04,3,3.3,0.62
198810,1.93,3.08,2.04,2.96,1.73,0.93,3.36,-0.08,-1.8,0,1.15,0.61
198811,0.02,-1.39,-1.2,-2.07,-0.99,-1.95,-1.41,-3.61,-3.79,-4.52,-2.29,0.57
198812,1.49,1.26,1.95,2.12,2.08,2.08,1.83,3.44,2.86,4.29,1.49,0.63
198901,2.55,5.98,6.68,6.31,8.63,6.71,8.07,7.01,8.1,6.32,6.1,0.55
198902,-1.24,-2.31,-1.31,-2.38,-2.26,-1.35,-1.77,-1.85,-0.28,-1.35,-2.25,0.61
198903,1.52,3.21,2.98,0.36,0.91,4.2,2.25,2.94,2.12,1.25,1.57,0.67
198904,3.83,5.1,5.67,5.04,5.1,5.06,4.57,5.54,4,5.18,4.33,0.67
198905,4.61,3.9,3.78,2.69,4.13,4.23,3.7,5.52,7.62,5.86,3.35,0.79
198906,1.86,0.71,-0.35,0.15,-1.08,-1.44,-1.89,-1.19,-2.51,-3.99,-1.35,0.71
198907,5.31,6.34,9.16,7.02,8.6,9.75,8.86,8.84,9.19,6.28,7.2,0.7
198908,-0.62,0.9,2.71,1.81,3.2,1.83,2.16,3.49,2.43,5.08,1.44,0.74
198909,0.21,1,1.11,-1.49,0.21,-1.26,-1.33,-0.86,0.38,0.83,-0.76,0.65
198910,1.43,-1,-1.47,-3.93,-3.57,-3.83,-6.11,-3.59,-5.2,-6.21,-3.67,0.68
198911,3,2.93,2.34,0.2,1.68,1.69,1.12,0.64,1.78,-0.28,1.03,0.69
198912,4.16,4.79,3.11,0.16,1.11,1.84,0.16,-1.87,-0.05,-0.44,1.16,0.61
199001,-4.79,-6.79,-8.78,-6.36,-7.57,-6.79,-7.03,-6.37,-7.56,-9.61,-7.85,0.57
199002,0.84,0.22,1.09,2.66,1.9,1.04,2.49,2.38,3.67,4.58,1.11,0.57
199003,-0.76,1.62,2.94,3.08,1.15,3.15,4.98,2.16,3.28,6.34,1.83,0.64
199004,-4.47,-2.78,-2.81,-1.18,-3.22,-1.02,-3.98,-3.15,-1.51,-4.83,-3.36,0.69
199005,4.65,7.95,8.77,9.79,9.9,7.84,10.1,10.2,14.16,12.7,8.42,0.68
199006,0.26,-1.43,-2.09,0.1,-0.91,0.96,0.14,-0.1,1.55,-0.45,-1.09,0.63
199007,2.19,1.71,0.42,-1.77,-1.41,-1.52,-1.58,-5.49,-3.3,-6.24,-1.9,0.68
199008,-6.47,-5.5,-9.13,-8.62,-8.94,-10.41,-10.9,-13.24,-12.86,-15.81,-10.15,0.66
199009,-0.36,-1.6,-3.69,-3.24,-7.28,-9.26,-6.2,-9.85,-7.51,-14.02,-6.12,0.6
199010,5.27,-0.23,-0.36,-0.01,-1.74,-3,-1.24,-4.7,-4,-5.73,-1.92,0.68
199011,2.12,4.33,4.92,6.83,8.22,8.47,7.67,10.86,11.62,13.18,6.35,0.57
199012,1.57,1.25,2.54,2.55,3.82,4.31,4.44,4.79,4.32,4.71,2.46,0.6
199101,-0.99,-0.35,0.97,5.38,6.29,7.38,10.39,10.5,9.87,13.15,4.69,0.52
199102,5.34,6.81,6.16,6.89,9.03,6.85,9.74,8.16,9.17,11.77,7.19,0.48
199103,2.31,2.42,3.33,0.52,4.06,2.54,2.63,5.46,5.52,6.02,2.65,0.44
199104,0.71,0.57,1.25,-0.88,-0.37,1.79,-0.45,-0.94,0.59,1.33,-0.28,0.53
199105,-0.22,0.39,1.18,5.88,5.08,6.11,6.45,5.17,6.48,6.03,3.65,0.47
199106,-1.55,-2.62,-2.15,-4.09,-5.82,-4.08,-7.19,-6.49,-5.84,-6.74,-4.94,0.42
199107,4.76,2.92,5.52,4.34,4.34,3.32,6.57,5.49,6.4,6.2,4.24,0.49
199108,2.52,1.33,2.3,2.81,3.71,2.72,2.9,2.85,5.6,4.75,2.32,0.46
199109,3.46,0.1,-0.62,-3.86,-1.06,-2.91,-2.55,-1.94,-1.22,-0.58,-1.59,0.46
199110,1.56,2.58,2.14,1.1,3.04,0.63,0.56,0.7,0.3,1.77,1.29,0.42
199111,0.26,-3.33,-2.86,-3.59,-4.96,-5.36,-3.31,-6.06,-5.94,-4.18,-4.19,0.39
199112,5.59,8.18,9.74,12.33,13.52,15.24,11.69,15.05,12.8,13.18,10.84,0.38
199201,-3.56,-3.53,-3.04,-0.68,-0.46,0.93,2.36,2.25,7.92,9.29,-0.59,0.34
199202,-1.36,-0.73,0.4,0.77,1.11,3.78,4.72,4.77,4.33,1.01,1.09,0.28
199203,-1.21,-1.74,-1.9,-1.26,-2.89,-2.3,-2.72,-0.69,-5.33,-5.05,-2.66,0.34
199204,3.6,4.79,2.14,3.24,2.13,1.23,-0.62,-0.92,-2.32,-7.22,1.07,0.32
199205,1.86,0.48,1.8,-0.37,0.13,1.3,1.7,-0.52,-0.55,-1.86,0.3,0.28
199206,0.34,0.05,-2.64,-2.41,-2.33,-1.61,-2.36,-3.66,-2.84,-5.47,-2.34,0.32
199207,6.17,4.12,4.46,4.15,3.88,2.63,4.18,4.68,2.86,4.13,3.77,0.31
199208,-0.21,-0.34,-1.43,-3.38,-2.32,-1.19,-4.63,-4.46,-4.75,-4.36,-2.38,0.26
199209,0.67,0.56,-0.21,0.44,2.33,3.16,2.78,3.84,2.4,0.69,1.19,0.26
199210,-0.51,-1.86,0.99,1.88,-0.28,1.35,1.88,4.49,5.92,6.06,1.02,0.23
199211,-1.25,1.46,1.9,3.66,5.53,6.16,6.45,6.62,10.21,11.1,4.13,0.23
199212,3.11,0.11,1.79,1.33,0.59,2.06,3.19,2.92,3.56,2.76,1.53,0.28
199301,2.95,0.33,-0.61,-0.67,0.08,1.04,2.32,4.92,4.78,2.99,0.93,0.23
199302,5.14,4.35,0.73,-0.34,-1.47,0.28,-0.69,-0.1,-2.41,-4.5,0.12,0.22
199303,2.29,2.14,1.37,2.09,2.89,2.62,2.61,3.81,3.78,4,2.3,0.25
199304,-0.61,-1.65,-2.3,-0.27,-4.47,-5.05,-1.98,-3.77,-4.94,-4.11,-3.05,0.24
199305,0.64,0.97,2.65,1.77,2.62,4.7,4.86,4.91,5.07,7.72,2.89,0.22
199306,2,1.75,0.4,-1.1,-0.2,-0.62,0.25,0.77,1.89,1.14,0.31,0.25
199307,0.76,0.94,-0.64,-1.33,-1.7,1.74,-1.67,0.15,-0.48,0.72,-0.34,0.24
199308,3.5,4.7,3.02,3.33,3.84,2.02,5.3,3.88,5.39,4.92,3.71,0.25
199309,-0.49,-0.13,-1.46,-0.84,-1.76,0.03,1.58,0.02,3.42,3.38,-0.12,0.26
199310,-0.84,0.6,1.65,3.79,3.16,2.69,2.38,0.87,-1.62,0.89,1.41,0.22
199311,-3.64,-3.56,-1.85,1.53,0.88,-0.92,-2.49,-0.85,-1.18,-2.98,-1.89,0.25
199312,2.02,0.25,1.61,2.25,0.24,2.82,2.61,3.42,2.62,1.92,1.65,0.23
199401,0.62,2.09,1.68,3.55,4.23,2.9,4.13,3.37,5.04,4.91,2.87,0.25
199402,-4.36,-3.98,-2.45,-2.99,-0.73,-1.73,-2.51,-0.74,-1.4,-0.8,-2.55,0.21
199403,-2.92,-2.78,-3.59,-5.04,-4.68,-5.17,-4.91,-6.74,-4.09,-4.58,-4.78,0.27
199404,2.45,2.15,2.01,1.54,0.74,0.77,-2.24,-0.82,0.69,1.22,0.68,0.27
199405,-0.81,-0.11,2.94,2.14,-0.88,2.15,1.9,1.58,0.84,1.29,0.58,0.31
199406,-2.35,-0.97,-1.61,-3.87,-1.09,-3.06,-3.1,-3.42,-4.18,-4.21,-3.03,0.31
199407,2.89,2.74,3.41,2.99,4.23,2.45,3.75,2.01,4.16,1.99,2.82,0.28
199408,1.21,1.45,5.21,6.43,3.98,3.37,3.96,5.92,7.63,8.1,4.01,0.37
199409,-1.02,-1.52,-1.06,-1.06,-2.79,-3.83,-2.74,-2.07,-3.72,-2.65,-2.31,0.37
199410,2.69,2.47,2.05,1.18,1.39,2.02,1.07,0.64,2.94,1.31,1.34,0.38
199411,-4.08,-3.15,-2.15,-2.63,-4.31,-4.64,-2.44,-4.31,-5.01,-4.53,-4.04,0.37
199412,0.73,1.03,2.08,1.76,0.95,2.38,1.31,-0.36,0.22,0.57,0.86,0.44
199501,2.72,3.81,1.77,2.05,2.73,1.6,3.24,1.19,2.35,1.41,1.8,0.42
199502,2.86,2.15,3.13,3.94,3.47,4.49,5.88,5.36,6.57,5.58,3.63,0.4
199503,2.75,1.7,2.74,3.97,3.12,2.3,1.76,3.71,1.92,2.09,2.19,0.46
199504,4.17,3.26,2.75,2.66,1.7,1.62,3.03,1.33,3.79,1.09,2.11,0.44
199505,3.33,2.52,3.65,4.73,2.56,3.44,3.67,4.28,4.57,3.84,2.9,0.54
199506,0.15,0.3,3.15,2.6,3.45,2.34,4.99,4.78,6.18,7.33,2.72,0.47
199507,3.89,1.64,3.07,2.43,3.78,3.68,5.17,6.66,4.99,9.08,3.72,0.45
199508,0.72,0.76,0.54,0.3,-0.39,1.37,2.05,1.23,0.67,4.39,0.55,0.47
199509,2.28,6.18,4.48,5.16,4.44,2.01,3.58,3.56,2.14,3.3,3.35,0.43
199510,1.1,0.59,-0.22,0.05,-2.49,0.28,-3.71,-4.7,0.65,-4.83,-1.52,0.47
199511,2.17,4.1,5.39,5.98,6.98,2.93,5.72,3.61,1.25,3.65,3.96,0.42
199512,5.08,3.56,2.23,1.9,2.79,0.03,1.15,-0.06,-2.77,-1.8,1.03,0.49
199601,2.36,2.52,2.8,3.41,2.23,3.92,4.19,2.28,1.18,3.24,2.26,0.43
199602,-0.51,-1.31,1.96,0.82,1.69,2.86,1.53,4.35,5.32,3.96,1.33,0.39
199603,-0.88,0.86,1.6,-0.02,3.46,1.62,1.33,2.76,0.72,-0.72,0.73,0.39
199604,1.22,1.07,0.32,0.76,0.71,3.49,2.25,2.9,6.31,5.78,2.06,0.46
199605,0.74,1.13,3.3,3.1,4.21,1.98,2.98,1.63,4.34,3.15,2.36,0.42
199606,1.65,1.88,0.98,0.73,1.64,-2.07,-2.31,-2.44,-3.99,-3.67,-1.14,0.4
199607,-3.84,-3.71,-6.37,-4.22,-4.68,-4.73,-4.37,-7.08,-5.68,-8.27,-5.97,0.45
199608,3.95,1.18,2.17,3.41,3.73,2.66,1.68,4.61,4.22,5.05,2.77,0.41
199609,2.91,3.43,3.61,4.61,5.36,5.48,5.53,6.41,7.03,10.59,5.01,0.44
199610,3,2.87,2.15,0.9,3.11,2.49,1.42,-0.68,2,1.05,0.86,0.42
199611,7.18,4.93,5.35,5.33,6.65,7.08,8.31,10.34,7.93,8.33,6.25,0.41
199612,-0.89,0,0.47,-1.55,-2.99,-1.68,0.27,-2.01,-2.84,-1,-1.7,0.46
199701,2.67,3.8,3.86,5.57,4.47,6.22,7.32,5.44,6.77,10.61,4.98,0.45
199702,-1.58,0.58,0.48,1.55,2.4,1.17,0.73,0.88,0.32,-6.61,-0.49,0.39
199703,-3.11,-0.49,-3.83,-5.09,-3.41,-3.83,-5.87,-5.08,-7.84,-6.9,-5.02,0.43
199704,3.37,2.69,3.23,6.8,5.62,5.65,7.39,3.83,7.06,2.5,4.04,0.43
199705,6.74,5.89,6.33,5.98,7.3,5.24,6.98,7.39,7.47,10.37,6.74,0.49
199706,4.18,3.94,4.43,4.06,6.29,4.82,3.77,3.85,5.23,1.64,4.1,0.37
199707,6,9.01,4.18,7.61,7.61,7.97,6.1,9.33,11.82,8.73,7.33,0.43
199708,-0.69,-2.4,-7.03,-4.09,-4.77,-4.79,-3.03,-4.71,-3.91,-0.7,-4.15,0.41
199709,4.18,5.28,5.1,4.72,4.61,6.83,5.34,6.52,6.08,8.73,5.35,0.44
199710,-4.58,-2.47,-2.05,-2.61,-3.51,-3.32,-0.14,-4.91,-6.15,-4.46,-3.8,0.42
199711,1.97,2.29,4.71,5.08,5.17,5.52,3.51,3.88,2.89,-0.86,2.98,0.39
199712,1.64,1.35,3.99,1.09,1.49,2.65,2,2.18,2.03,-0.92,1.32,0.48
199801,-0.6,-1.57,-0.55,1.62,0.23,0.59,1.56,3.49,-2.11,0.96,0.15,0.43
199802,7.91,6.08,6.41,7.71,7.05,6.1,6.2,7.96,10.7,7.53,7.04,0.39
199803,6.91,6.2,5.26,4.76,4.43,6.9,8.01,1.99,3.03,3.76,4.76,0.39
199804,0.28,1.91,-0.73,2.09,0.37,-0.21,1.43,0.18,2.76,3.73,0.73,0.43
199805,-2,-0.22,0.29,-3.18,-0.74,-2.99,-2.86,-1.7,-4.13,-5.02,-3.07,0.4
199806,2.85,3.2,2.85,5.76,2,3.87,1.36,4.11,3.42,5.59,3.18,0.41
199807,-1.25,-4.72,-2.39,-1.41,-2.7,-1.81,-1.77,-0.2,-0.57,-2.36,-2.46,0.4
199808,-11.97,-11.5,-10.07,-11.99,-13.92,-15.1,-17.61,-19.8,-22.21,-23.48,-16.08,0.43
199809,7.28,3.2,7.17,6.9,5.04,7.62,8.73,7.06,4.92,7.39,6.15,0.46
199810,6.76,5.85,7.29,5.89,7.3,8.49,7.02,9.34,9.75,11.59,7.13,0.32
199811,3.13,4.28,5.74,7.96,4.63,7.06,3.15,9.61,7.71,9.57,6.1,0.31
199812,4.84,3.08,5.03,4.18,5.72,5.65,5.55,6.44,11.62,15.86,6.16,0.38
199901,-0.52,-4.51,0.74,6.28,0.89,1.01,0.29,7.61,13.45,11.1,3.5,0.35
199902,-1.08,-1.13,-2.46,-5.44,-2.55,-2.14,-1.32,-5.34,-6.97,-7.87,-4.08,0.35
199903,1.54,0.97,-0.41,6.53,3.93,0.28,3.94,2.21,5.49,10.57,3.45,0.43
199904,3.15,5.63,7.07,4.26,3.87,1.86,1.41,4.91,3.03,5.63,4.33,0.37
199905,-2.95,-0.62,0.16,-2.36,-1.8,0.63,-1.92,-3.92,-2.78,-0.41,-2.46,0.34
199906,4.01,0.69,1.58,6.92,5.35,4.52,3.8,7.72,10.67,7.43,4.77,0.4
199907,-2.27,-1.97,-1.12,-2.72,-2.01,-2.12,-0.59,-6.72,-2.93,-5.39,-3.47,0.38
199908,2.09,-1.41,-3.89,2.17,-4.21,0.84,-2.34,-2.05,-1.69,-1.05,-1.38,0.39
199909,-4.92,-4.44,0.14,-2,-1.21,-5.26,-5,-1.51,-5.08,1.35,-2.81,0.39
199910,3.93,5.37,2.68,7.48,-0.55,8.42,4.03,8.16,5.54,10.62,6.13,0.39
199911,-2.44,1.76,1.27,-2.4,0.83,3.51,3.08,8.82,6.67,8.29,3.37,0.36
199912,-3.02,-5.93,-1.45,11.67,5.73,4.85,11.19,15,9.83,12.92,7.72,0.44
200001,-3.92,1.78,-0.54,-10.02,-2.13,-3.02,-7.13,-4.58,-2.44,-6.96,-4.74,0.41
200002,-6.2,-10.01,-7.91,-5.42,-2.59,-2.86,-3.55,11.65,14.1,17.05,2.45,0.43
200003,9.08,8.27,9.59,10.57,10.76,12.98,9.63,10.17,-0.67,2.34,5.2,0.47
200004,4.63,2.76,1.56,-9.26,-1.37,-2.54,-3.7,-5.1,-3.87,-7.29,-6.4,0.46
200005,4.51,6.91,1.57,-1.01,-4.26,-1.56,-2.26,-7.61,-8.52,-7.55,-4.42,0.5
200006,0.64,-0.06,-0.47,4.3,2.75,1.63,-1.19,3.72,8.81,7.58,4.64,0.4
200007,-4.46,-3.46,-1.54,-1.27,0.02,-1.45,2.36,-1.49,-3.39,-2.5,-2.51,0.48
200008,9.32,1.63,4.94,6.26,8.59,4.57,8.5,7.73,8.03,11.1,7.03,0.5
200009,5.59,5.29,5.44,5.25,-11.3,-3.33,-3.51,-6.6,-11.94,-13.08,-5.45,0.51
200010,0.24,6.74,0.06,5.74,1.99,-0.25,-2.47,-0.58,-5.74,-9.58,-2.76,0.56
200011,1.09,3.1,0.07,-5.8,-7.52,-6.7,-13.04,-10.4,-16.27,-20.87,-10.72,0.51
200012,4.17,4.32,7.47,1.58,-1.57,-3.54,3.14,6.12,-2.55,1.19,1.19,0.5
200101,-7.95,-6.72,-4.44,0.4,1.86,13.18,4.14,5.92,6.61,17.09,3.13,0.54
200102,2.69,-1.08,-0.73,-1.87,-5.78,-9.1,-10.61,-9.36,-19.97,-21.26,-10.05,0.38
200103,-2.92,-3.81,-3.49,-6.72,-7.44,-5.69,-5.66,-3.4,-12.49,-12.24,-7.26,0.42
200104,5.72,3.56,4.11,4.24,10.23,11.92,7.69,8.52,6.58,13.94,7.94,0.39
200105,2.51,1.91,0.92,2.27,-0.19,1.05,1.21,0.31,2.29,0.28,0.72,0.32
200106,-3.22,-5.71,-2.54,-2.83,0.4,-0.03,-1.5,-2.35,1.42,-1.04,-1.94,0.28
200107,-2.49,2.67,0.92,2.18,3.37,2.54,-4.24,-0.32,-3.88,-7.66,-2.13,0.3
200108,1.17,-2.74,-2.48,-2.87,-5.59,-4.53,-5.03,-5.63,-9.96,-13.65,-6.46,0.31
200109,-3.82,-1.11,-3.17,-3.78,-1.59,-5.18,-8.24,-16.69,-15.69,-18.61,-9.25,0.28
200110,0.77,-0.05,-1.54,0.92,-5.48,0.85,-0.05,9.24,6.04,12.22,2.46,0.22
200111,0.5,2.82,2.8,5.78,3.75,5.65,7.38,15.69,13.65,14.63,7.54,0.17
200112,3.37,0.08,2.64,-1.73,2.95,2.96,2.14,2.15,2.8,-0.48,1.61,0.15
200201,-0.47,-0.22,-1.1,2.18,0.9,-0.19,-2.6,-0.78,-4.64,-2.99,-1.44,0.14
200202,2.16,2.03,2.11,1.09,2.55,1.75,0.86,-6.17,-6.13,-12.31,-2.29,0.13
200203,5.29,3.16,3.33,3.01,1.49,2.85,1.98,6.81,6.2,7.99,4.24,0.13
200204,1.71,-0.9,-4.16,-2.66,-5.48,-1.85,-5.14,-6.3,-7.84,-13.47,-5.2,0.15
200205,-1.75,-1.43,0.08,-0.87,2.68,-1.3,0.1,-2.12,-0.62,-4.19,-1.38,0.14
200206,-7.96,-7.68,-4.49,-1.68,-5.21,-4.96,-5.05,-13.54,-7.19,-12.65,-7.21,0.13
200207,-4.33,-4.93,-7.39,-8.82,-7.6,-7.37,-2.89,-8.13,-11.65,-12.41,-8.18,0.15
200208,3.26,1.08,0.95,-2.36,1.04,2.33,-2.3,1.62,1.34,-1.05,0.5,0.14
200209,-7.14,-6.97,-9.87,-9.93,-6.45,-10.17,-12.29,-11.65,-11.49,-15.6,-10.35,0.14
200210,3.7,3.03,4.89,10.77,4.68,6.57,2.93,8.98,14.46,17.95,7.84,0.14
200211,2.14,0.09,1.28,4.95,0.62,3.15,6.59,8.8,9.81,21.37,5.96,0.12
200212,0.01,-1.07,-1.64,-4.27,-1.86,-4.4,-5.96,-7.34,-11.57,-13.93,-5.76,0.11
200301,-3.03,-2.48,-0.24,-3.57,-4.2,-3.33,-4.13,-1.23,-4.87,-0.07,-2.57,0.1
200302,-3.14,-2.14,-1.57,-4.23,-2.59,-2.64,-0.31,-1.78,-0.2,-0.56,-1.88,0.09
200303,1.03,1.9,1.64,1.31,1.38,2.05,2,0.49,0.11,-0.69,1.09,0.1
200304,3.64,5.75,4.06,9.06,6.46,8.18,12.33,8.71,11.61,13.03,8.22,0.1
200305,5.05,5.58,4.22,4.85,6.9,2.07,2.8,7.86,6.97,13.61,6.05,0.09
200306,2.96,-1.05,2.63,0.16,1.98,0.91,1.13,0.91,2.21,1.57,1.42,0.1
200307,-2.85,-1.01,-0.2,2.86,1.82,4.14,5.48,3.22,5.59,6.59,2.35,0.07
200308,0.12,-0.96,3.9,2.92,0.79,0.72,3.5,3.56,3.8,7.41,2.34,0.07
200309,1.42,0.55,-1.35,-2,-2.35,-1,-2.69,-0.93,-1.29,-2.7,-1.24,0.08
200310,2.23,5.38,3.93,6.22,5.12,3.97,7.4,5.49,9.06,11.71,6.08,0.07
200311,1.52,2.97,2.79,2.93,-0.47,-0.57,-0.39,0.67,1.05,3.46,1.35,0.07
200312,5.53,4.8,5.76,4.33,3.66,7.69,2.41,5.55,3.45,1.67,4.29,0.08
200401,1.66,0.84,0.95,1.38,1.29,4.19,0.82,1.68,1.55,5.67,2.15,0.07
200402,2.45,2.14,3.59,1.96,3.23,0.73,2.65,-0.53,1.84,-2.12,1.4,0.06
200403,-0.89,-2.25,-0.51,-0.26,-0.08,-2.45,0.23,-2.26,-0.78,-1.92,-1.32,0.09
200404,1.52,0.42,-0.02,-0.48,-0.55,-1.54,-1.98,-1.64,-4.46,-7.89,-1.83,0.08
200405,-0.6,0.57,1.41,1.14,-0.29,1.1,1.26,0.94,2.01,5.22,1.17,0.06
200406,2.82,0.68,1.87,2.33,0.16,2.72,2.82,4.29,0.45,2.79,1.86,0.08
200407,-2.41,-3.39,-2.48,-1.84,-0.65,-0.59,-2.9,-4.05,-7.86,-12.47,-4.06,0.1
200408,2.63,1.94,0.96,0.72,1.35,-0.02,0.38,-0.32,-2.97,-5.02,0.08,0.11
200409,-2.13,0.35,0.54,5.35,0.59,3.49,1.39,2.54,2.93,4.09,1.6,0.11
200410,0.63,0.11,0.67,0.38,-1.63,2.31,1.63,1.93,4.62,5.12,1.43,0.11
200411,4.01,4.46,2.62,5.34,5.2,4.46,5.2,4.78,7.11,5.48,4.54,0.15
200412,3.89,2.5,2.75,2.44,3.34,3.48,4.65,2.82,4.97,4.88,3.43,0.16
200501,-2.06,-2.04,-0.53,-0.23,-2.31,-1.56,-2,-2.55,-4.47,-8.01,-2.76,0.16
200502,1.68,3.11,4.7,5.94,2.29,1.01,0.49,-0.4,1.73,-0.78,1.89,0.16
200503,-0.35,0.31,-2.77,-1.91,-4.02,0.47,-2.95,-1.22,-2.24,-2.16,-1.97,0.21
200504,-0.12,-0.2,-1.44,-2.96,-2.68,-2.08,-4.31,-0.77,-5.23,-5.44,-2.61,0.21
200505,1.71,2.3,1.5,3.62,3.94,2.31,5,3.75,7.26,9.34,3.65,0.24
200506,0.21,1,0.75,1.95,1.44,0.28,-0.03,0.78,0.43,-0.21,0.57,0.23
200507,1.12,3.03,2.65,5.92,5.06,4.24,6.11,5.34,7.19,6.07,3.92,0.24
200508,-2.17,-1.36,1.13,-0.2,-1.16,-0.18,-1.2,-1.16,-1.58,-1.89,-1.22,0.3
200509,-0.11,-0.09,1.78,1.58,1.88,-0.78,0.19,2.18,-0.38,1.94,0.49,0.29
200510,-2.46,0.13,-3.29,-1.03,-1.9,-0.05,-1.44,-0.55,-4.03,-2.56,-2.02,0.27
200511,1.52,2.48,2.69,3.27,4.12,5.14,5.1,5.68,7.23,5.15,3.61,0.31
200512,1.7,0.83,-0.46,0.62,-0.33,-1.86,-0.18,1.34,-1.57,0.01,-0.25,0.32
200601,2.82,1.66,3.28,2.58,2.76,2.07,5.35,4.67,2.13,7.73,3.04,0.35
200602,0.07,0.02,-0.97,0.57,1.15,-0.78,-0.08,0.8,-0.51,1.34,-0.3,0.34
200603,0.11,1.1,1.22,1.32,2.87,1.79,3.8,2.98,0.21,4.4,1.46,0.37
200604,0.49,1.35,2.18,0.84,0.98,-0.77,1.86,3.01,0.96,-0.5,0.73,0.36
200605,-1.18,-1.48,-1.79,-1.9,-2.53,-3.78,-3.82,-4.67,-4.27,-7.73,-3.57,0.43
200606,0.49,0.31,0.68,1.44,0,-0.27,-0.4,-0.64,-0.37,-2.1,-0.35,0.4
200607,2.61,3.04,-0.27,0.58,1.52,-3.88,-1.54,-1.67,-4.72,-7.97,-0.78,0.4
200608,3.38,1.13,-0.71,2.62,2.88,1.51,0.63,2.36,5.41,6.6,2.03,0.42
200609,1.75,1.99,1.06,3.31,0.87,0.49,4.13,4.76,2.3,2.39,1.84,0.41
200610,2.24,3.2,3.19,3.81,2.7,4.91,3.55,4.94,4.14,3.33,3.23,0.41
200611,-0.37,2.59,3.36,1.68,0.8,3.37,2.05,4.52,2.45,3.18,1.71,0.42
200612,1.25,0.93,0.65,1.73,3.76,0.3,1.42,1.63,0.16,-0.81,0.87,0.4
200701,1.74,-0.11,0.46,1.02,2,2.63,2.48,2.45,4.24,3.23,1.4,0.44
200702,-1.78,-2.16,-1.58,-2.2,-1.14,-0.87,-0.82,-1.59,-0.95,-0.12,-1.96,0.38
200703,0.1,1.18,2.42,1.58,2.05,1.92,0.29,0.36,1.08,0.42,0.68,0.43
200704,3.52,4.55,4.03,3.8,3.37,4.96,4.58,4.84,6.17,2.87,3.49,0.44
200705,1.75,3.4,4,3.62,3.31,3.37,5.27,4.63,4.95,4.68,3.24,0.41
200706,-2.61,-1.66,-0.78,-1.35,-2.94,-1.53,-1.65,-1.65,-0.11,-0.36,-1.96,0.4
200707,-2.96,-3.19,-2.29,-4.51,-2.82,-4.91,-3.79,-2.31,-2.77,-4.75,-3.73,0.4
200708,2.78,1.96,1.36,1.74,1.62,0.56,1.52,1.55,-0.5,-1.21,0.92,0.42
200709,2.72,3.25,4.62,2.97,4.73,2.13,2.13,4.56,4.77,4.17,3.22,0.32
200710,1.96,1.3,0.75,3.47,1.06,2.57,2.89,1.16,2.56,3.89,1.8,0.32
200711,0.53,-5.15,-3.73,-5.98,-4.59,-6.18,-4.3,-5.34,-7.29,-8.35,-4.83,0.34
200712,-2.29,-1.31,1.44,-1.6,-0.07,1.73,-1.22,0.74,-1.46,-0.56,-0.87,0.27
200801,-3.43,-3.8,-5.05,-6.67,-5.41,-6.47,-10.33,-8.67,-6.16,-8.85,-6.36,0.21
200802,-3.76,-1.98,-1.13,-4.61,-1.93,-4.86,-5.8,0.02,-4.06,-0.02,-3.09,0.13
200803,-0.68,0.66,-1.97,0.09,-0.39,1.44,1.59,-2.68,-1.5,-3.64,-0.93,0.17
200804,2.88,-0.31,5.54,4.96,4.2,5.74,7.71,6.43,8.39,8.98,4.6,0.18
200805,0.92,0.56,1.32,0.93,2.54,2.73,2.77,4.06,3.06,5.9,1.86,0.18
200806,-8.19,-8.4,-5.46,-9.11,-6.79,-9.7,-11.2,-7.27,-11.69,-7.1,-8.44,0.17
200807,0.55,-1.78,-2.84,2.42,-1.2,2.1,0.13,-1.41,-2.31,-3.01,-0.77,0.15
200808,2.06,0.86,3.04,0.16,1.85,3.22,1.42,0.07,2.06,1.34,1.53,0.13
200809,-4.4,-4.64,-5,-6.36,-8.97,-13.43,-16.38,-13.62,-18.35,-19.46,-9.24,0.15
200810,-13.05,-12.92,-15.3,-16.77,-17.16,-20.92,-25.07,-22.59,-21.5,-24.89,-17.23,0.08
200811,-3.71,-2.56,-5.87,-11.78,-9.13,-10.65,-12.88,-10.89,-15.51,-14.74,-7.86,0.03
200812,0.53,-0.34,-0.19,3.13,1.42,7.66,1.97,4.95,4.16,4.3,1.74,0
200901,-6.26,-10.1,-10.06,-6.6,-8.33,-8.02,-9.9,-5.75,-2.89,-4.2,-8.12,0
200902,-7.59,-11.88,-11.98,-9.29,-9.43,-10.96,-11.77,-9.02,-4.89,-8.63,-10.1,0.01
200903,4.28,7.07,8.87,7.49,10.5,12.33,12.92,14.67,10.89,12.82,8.95,0.02
200904,2.61,5.68,9.34,12.32,11.17,11.14,17.98,12.9,20.96,19.71,10.19,0.01
200905,5.71,5.96,2.47,5.76,4.56,3.79,3.8,6.03,6,6.1,5.21,0
200906,0.12,-0.51,-0.33,-1.17,2.18,1.54,0.79,0.24,2.01,2.11,0.43,0.01
200907,5.09,4.4,8.16,7.52,7.98,8.83,10.55,15.48,13.38,19.11,7.72,0.01
200908,0.17,2.13,2.54,3.7,3.05,5.27,3.12,6.09,12.94,14.06,3.33,0.01
200909,1.82,2.61,2.09,3.79,5.18,6.83,8.15,6.94,4.4,10.8,4.08,0.01
200910,-1.24,-0.38,-2.97,-1.33,-0.4,-3.82,-2.79,-5.77,-8.81,-10.14,-2.59,0
200911,6.44,5.17,4.57,5.4,6.12,5.14,5.22,5.21,8.55,5.84,5.56,0
200912,-0.4,1.73,3.96,3.34,3.7,2.27,4.84,6.56,3.14,6.88,2.75,0.01
201001,-2.24,-2.23,-2.13,-4.57,-4.04,-3.81,-5.77,-3.42,-4.5,-2.62,-3.36,0
201002,1.82,1.07,3.45,4.85,3.01,2.52,5.92,5.02,6.98,7.63,3.4,0
201003,3.71,4.51,4.81,5.41,7.73,8.82,8.82,6.95,9.63,12.71,6.31,0.01
201004,0.01,1.23,0.83,1.77,3.1,1.29,4.28,5.13,5.26,7.35,2,0.01
201005,-5.97,-6.78,-6,-9.34,-8.41,-9.24,-7.56,-9.8,-10.82,-11.37,-7.89,0.01
201006,-3,-2.97,-2.94,-7.4,-6.89,-7.82,-7.45,-8.49,-9.05,-13.03,-5.56,0.01
201007,4.89,5.54,6.15,6.52,7.87,8.4,11.04,6.6,11.84,11.69,6.93,0.01
201008,-0.89,-0.92,-3.32,-8.23,-5.98,-7.33,-4.41,-8.94,-9.27,-8.86,-4.77,0.01
201009,5.8,7.14,10.59,9.24,12.25,11.63,13.41,10.45,11.1,16.29,9.54,0.01
201010,2.9,2.62,2.97,3.94,5.94,5.34,5.65,0.47,5.8,7.28,3.88,0.01
201011,-0.49,-0.87,-0.03,-0.04,0.8,1.17,3.93,2.12,4.25,5.34,0.6,0.01
201012,4.34,4.79,6.32,6.6,7.3,8.55,7.76,11.96,9.75,8.52,6.82,0.01
201101,1.24,0.56,1.07,3.06,2.67,4.22,2.75,3.17,1.76,2.6,1.99,0.01
201102,2.48,4.24,3.72,1.4,4.32,4.72,5.19,4.17,3.13,4.98,3.49,0.01
201103,1.45,1.35,0.35,-0.78,0.24,-0.08,1.91,-0.44,0.3,-0.16,0.45,0.01
201104,4.17,3.44,4.94,3.73,1.2,0.33,2.63,1.27,3.61,3.73,2.9,0
201105,0.15,0.9,-0.32,-2.42,-1.69,-2.72,-2.05,-2.65,-3.95,-4.18,-1.27,0
201106,-1.82,-1.07,-1.39,-1.58,-1.9,-2.27,-0.81,-3.94,-1.62,-2.4,-1.75,0
201107,-2.34,-2.55,-2.25,-1.97,-3.29,1.03,-2.49,-5.37,-4.81,-2.44,-2.36,0
201108,-1.1,-1.41,-5.62,-5.9,-8,-6.7,-10.23,-12.75,-13.9,-13.7,-5.99,0.01
201109,-2.57,-3.96,-5.22,-7.11,-10.24,-9.23,-12.72,-15.29,-16.12,-16.57,-7.59,0
201110,6.15,6.52,10.55,12.38,14.57,12.92,17.07,17.41,21.09,19.89,11.35,0
201111,1.75,0.81,1.4,-0.84,-0.8,-0.99,-1.4,-3.79,-3.73,-3.42,-0.28,0
201112,3.41,2.49,-1.22,-0.35,-1.06,1.51,0.57,-1.97,-1.98,-1.37,0.74,0
201201,0.14,0.84,4.95,7.8,5.93,7.14,7.5,9.95,12.3,12.12,5.05,0
201202,1.45,2.52,4.32,5.05,4.74,7.91,4.77,7.05,4.72,8.55,4.42,0
201203,2.11,3.05,3.56,3.53,1.93,5.17,1.22,3.04,3.41,3.52,3.11,0
201204,0.86,0.46,-0.17,-1.24,-1.29,-2.02,-0.91,-4.06,-2.91,-0.35,-0.85,0
201205,-1.16,-3.2,-5.94,-8.93,-7.84,-6.17,-8.51,-9.79,-13.29,-12.52,-6.19,0.01
201206,4.67,5.36,3.56,3.89,4,2.08,4.09,4.06,0.66,3.11,3.89,0
201207,2.63,1.29,0.86,-1.77,2.56,0.32,1.18,-1.03,-1.69,-4.28,0.79,0
201208,-0.68,0.74,1.97,4.09,5.78,2.6,4.42,5.45,5.04,9.4,2.55,0.01
201209,3.09,3.1,1.49,0.55,3.21,3.83,1.86,2.92,3.94,2.85,2.73,0.01
201210,-1.18,-1.84,-1.27,-2.5,-4.08,-2.92,-0.93,0.54,1.83,1.68,-1.76,0.01
201211,-0.04,0.33,1.81,0.79,0.43,1.08,2.42,0.95,0.01,0.37,0.78,0.01
201212,-1.23,-0.46,1,2.04,-0.47,3.1,2.98,4.79,7.59,6.01,1.18,0.01
201301,5.41,6.62,5.68,5.87,1.87,7.03,7.68,4.76,5.89,10.03,5.57,0
201302,2.89,1.32,1.12,0.87,1.12,1.17,-0.35,-0.44,-0.56,0,1.29,0
201303,4.84,4.91,3.53,3.84,2.37,3.31,2.91,4.97,4.05,5.35,4.03,0
201304,2.67,1.83,1.13,2,1.53,0.44,-0.74,0.71,1.34,2.2,1.55,0
201305,-0.84,-0.23,2.09,5.48,4.61,5.81,4.01,6.84,6.78,5.35,2.8,0
201306,-0.29,-1.09,-0.8,-0.49,-2.83,-1.29,-1.64,-2.12,-3.1,-2.29,-1.2,0
201307,4.29,5.35,4.84,6.37,6.26,5.77,4.59,6.37,8.55,6.36,5.65,0
201308,-4.36,-3.84,-3.3,-0.21,-3.38,-2.67,-0.76,-1.68,-2.56,-1.92,-2.71,0
201309,1.36,2.61,4.91,3.21,4.61,4.31,5.83,5.24,3.56,7.91,3.77,0
201310,5.83,2.58,4.21,5.77,3.87,3.9,2.28,4.34,2.69,4.58,4.18,0
201311,2.07,3.11,3.84,4.19,3.28,2.88,2.19,3.24,4.53,2.88,3.12,0
201312,1.08,1.31,3.76,2.48,2.65,3.51,3.88,3.12,1.94,5.8,2.81,0
201401,-3.06,-3.09,-4.52,-2.34,-3.94,-3.99,-3.44,-5.2,-2.79,-3.52,-3.32,0
201402,3.06,5.18,4.02,5.08,4.42,4.49,6.11,5.24,4.91,8.02,4.65,0
201403,0.96,1.94,0.64,-0.62,1.3,1.25,-0.47,0.97,0.16,-1.51,0.43,0
201404,2.6,1.65,-1.37,0.15,-2.48,-0.17,-0.21,-0.3,-2.16,-0.97,-0.19,0
201405,0.45,0.71,2.85,4.18,2.63,2.26,2.7,1.81,1.3,1.03,2.06,0
201406,0.98,1.98,1.52,2.16,3.16,3.11,3.79,5.88,3.54,3.27,2.61,0
201407,-2.19,-0.22,-1.64,-0.34,-2.93,-3.45,-2.46,-3.48,-2.95,-4.84,-2.04,0
201408,4.74,4.91,4.15,3.51,3.75,4.05,4.16,4.19,3.66,7.23,4.24,0
201409,0.44,-0.31,-2.97,-0.83,-1.66,-4.51,-3.1,-5.37,-5.65,-6.52,-1.97,0
201410,3.6,3.84,3.6,2.24,3.05,1.24,0.17,0.82,0.07,-0.4,2.52,0
201411,3.87,2.54,3.54,4.05,2.96,1.75,-1.53,0.5,-2.19,0.9,2.55,0
201412,-0.88,-0.14,-0.8,0.26,-0.1,1.95,1.06,0.7,-1.01,0.74,-0.06,0
201501,-0.43,-0.22,-1.36,-3.39,-5.6,-3.83,-7.48,-6.75,-5.53,-8.37,-3.11,0
201502,2.38,5.24,6.46,6.49,8.44,7.79,8.01,8.05,8.36,10.39,6.13,0
201503,-1,-0.66,-1.6,-1.84,-1.55,-0.95,-0.76,-1.36,-1.05,-2.08,-1.12,0
201504,-1,-0.7,0.98,1.14,1.51,0.28,3.05,1.92,2.43,-0.49,0.59,0
201505,1.06,3.28,0.93,1.92,1.7,0.59,1.11,0.83,-0.86,0.44,1.36,0
201506,-1.74,-0.94,-2.42,-2.56,-0.74,-1.72,0.13,-0.95,-1.55,-3.28,-1.53,0
201507,5.84,2.11,3.29,1.48,0.6,0.15,-0.97,-1.5,-0.69,-6.2,1.54,0
201508,-5.42,-6.07,-4.98,-5.57,-6.93,-6.47,-5.8,-7.17,-7.39,-6.66,-6.04,0
201509,-0.95,-2.21,-1.26,-1.86,-2.82,-4.73,-5.63,-6.51,-6.99,-11.28,-3.08,0
201510,6.81,7.13,7.37,9.74,8.15,6.71,9.43,8.02,8.08,5.8,7.75,0
201511,0.48,-0.42,0.4,0.78,0.86,-0.23,0.71,2.93,2.34,-0.16,0.56,0
201512,1.5,-1.84,-0.75,-1.37,-4.34,-2.98,-4.11,-5.4,-6.49,-7.12,-2.17,0.01
201601,-0.81,-4.86,-5.66,-4.15,-6.17,-6.47,-10.02,-10.79,-12.44,-14.24,-5.77,0.01
201602,-0.58,0.7,1.39,-0.64,-0.48,1.48,1.32,-1.3,-2.05,-1.88,-0.07,0.02
201603,5.52,5.67,6.61,6.94,7.17,7.18,7.17,8.89,10.38,10.69,6.96,0.02
201604,0.83,-3.05,-0.25,0.08,1.82,1.72,3.52,4.23,3.97,6.1,0.92,0.01
201605,2.07,1.6,1.67,1.84,1.78,2.29,1.64,1.64,1.35,-1.03,1.78,0.01
201606,3.86,0.55,0.69,0.2,-1.1,-1.28,-3.2,-4.19,-4.95,-1.58,-0.05,0.02
201607,1.39,2.05,5.6,5.12,1.82,6.27,5.07,5.78,6.02,7.81,3.95,0.02
201608,-3.45,-0.62,0.97,0.19,1.68,0.32,0.87,3.12,6.55,5.53,0.5,0.02
201609,-0.46,-0.03,0.54,0.48,-2.2,0.51,0.64,1.42,1.43,3.55,0.25,0.02
201610,-1.29,-2.03,-2.93,-1.75,-1.1,-2.58,-1.92,-1.17,0.33,-9.63,-2.02,0.02
201611,-1.42,1.72,2.57,5.5,7.83,6.67,8.03,12.78,16.55,16.04,4.86,0.01
201612,3.56,2.4,1.06,1.26,2.15,-0.24,1.46,2.96,2.75,-1.39,1.82,0.03
201701,1.26,1.05,3.04,1.52,2.65,4.45,2.3,1.33,0.97,3.17,1.94,0.04
201702,3.3,5.64,3.1,3.93,2.86,2.95,2.01,3.04,3.97,2.13,3.57,0.04
201703,0.07,0.49,0.84,0.71,-0.84,0.63,-0.08,-1.34,-1.16,-0.61,0.17,0.03
201704,1.1,0.47,2.71,1.65,1.3,0.92,0.78,0.41,-0.59,-2.19,1.09,0.05
201705,2.18,2.35,2.16,1.53,-0.87,0.55,0.19,-2.5,-1.5,-2.89,1.06,0.06
201706,-2.16,-0.23,0.08,0.62,2.77,2.81,2.36,4.69,4.34,3.91,0.78,0.06
201707,2.14,2.63,1.3,1.73,3.15,1.82,1.14,0.61,2.45,3.72,1.87,0.07
201708,0.31,-0.6,0.56,2.04,0.61,-1.54,-0.57,-0.92,-1.84,0.94,0.16,0.09
201709,-0.57,0.74,2.37,0.84,3.79,2.86,4.85,7.21,7.38,6.75,2.51,0.09
201710,2.9,0.71,2.9,3.31,2.75,1.26,0.83,3.28,2.42,-0.97,2.25,0.09
201711,3.02,5.49,3.35,2.35,2.93,2.66,2.37,3.03,3.66,3.94,3.12,0.08
201712,-0.86,1.22,1.35,0.34,1.84,1.96,1.17,2.14,1.68,2.56,1.06,0.09
201801,1.08,4.43,4.56,6.23,6.21,8.66,5.53,6.92,5.65,7.43,5.58,0.11
201802,-3.87,-4.8,-4.57,-2.61,-2.7,-4.12,-4.8,-1.46,-2.09,-6.87,-3.65,0.11
201803,-1.19,-1.09,-1.35,-3.31,-1.22,-3.17,-1.09,-3.71,-2.36,-1.16,-2.35,0.12
201804,1.73,-1.3,1.32,-0.32,-1.23,2.51,2.4,-0.08,-0.1,1.77,0.29,0.14
201805,2.77,0.85,2.05,4.66,4.29,1.64,2.55,0.82,2.91,7.28,2.65,0.14
201806,1.97,1.89,0.93,0.31,-0.26,1.95,0.05,-2.12,-2.61,-0.47,0.48,0.14
201807,2.03,2.72,1.66,5.16,3.72,3.2,3.98,4.25,3.87,2.32,3.19,0.16
201808,3.08,2.08,3.1,3.31,2.91,7.86,1.94,4.98,2.02,6.26,3.44,0.16
201809,0.2,0.92,0.44,0.92,1.87,-0.1,0.09,-0.86,-2.71,-1.9,0.06,0.15
201810,-0.37,-2.23,-5.42,-7.3,-10.84,-6.5,-7.09,-12.2,-9.99,-17.11,-7.68,0.19
201811,2.01,1.82,1.94,4.34,2.34,-5.31,3.88,3.12,2.4,-1.74,1.69,0.18
201812,-6.4,-7.43,-9.91,-8.07,-8.1,-9.79,-10.81,-11.63,-12.59,-14.23,-9.55,0.19